,Comedy Movies
0,"512195,Red Notice"
1,"585245,Clifford the Big Red Dog"
2,"876716,Ciao Alberto"
3,"877183,The Simpsons in Plusaversary"
4,"550988,Free Guy"
5,"654974,Home Sweet Home Alone"
6,"568124,Encanto"
7,"459151,The Boss Baby: Family Business"
8,"639721,The Addams Family 2"
9,"589754,The Last Warrior: Root of Evil"
10,"508943,Luca"
11,"451048,Jungle Cruise"
12,"805411,Descendants: The Royal Wedding"
13,"871964,Nobody Sleeps in the Woods Tonight 2"
14,"675445,PAW Patrol: The Movie"
15,"379686,Space Jam: A New Legacy"
16,"425909,Ghostbusters: Afterlife"
17,"762469,Father Christmas Is Back"
18,"337404,Cruella"
19,"846167,In for a Murder"
20,"772436,Matando Cabos 2: La Máscara del Máscara"
21,"885458,Detetive Madeinusa"
22,"529203,The Croods: A New Age"
23,"760747,The Trip"
24,"879163,Peçanha Contra o Animal"
25,"726684,Miraculous World: Shanghai – The Legend of Ladydragon"
26,"613098,Undercover Wedding Crashers"
27,"809065,Flashback"
28,"785533,The Princess Switch 3: Romancing the Star"
29,"755812,Miraculous World: New York, United HeroeZ"
30,"812204,Rock Dog 2: Rock Around the Park"
31,"813258,Monster Pets: A Hotel Transylvania Short"
32,"711475,Here Today"
33,"324857,Spider-Man: Into the Spider-Verse"
34,"843906,Straight Outta Nowhere: Scooby-Doo! Meets Courage the Cowardly Dog"
35,"354912,Coco"
36,"641501,How I Became a Superhero"
37,"573164,Eggs Run"
38,"347201,Boruto: Naruto the Movie"
39,"887645,Just Short of Perfect"
40,"840756,Lokillo"
41,"846214,The Simpsons: The Good, the Bart, and the Loki"
42,"587807,Tom & Jerry"
43,"597316,My Little Pony: A New Generation"
44,"508442,Soul"
45,"729720,The Last Mercenary"
46,"852663,LEGO Monkie Kid: A Hero Is Born"
47,"585083,Hotel Transylvania: Transformania"
48,"449406,Vivo"
49,"522478,Peter Rabbit 2: The Runaway"
50,"617502,Jolt"
51,"680319,We Broke Up"
52,"400160,The SpongeBob Movie: Sponge on the Run"
53,"482321,Ron's Gone Wrong"
54,"531219,Roald Dahl's The Witches"
55,"623135,Sinkhole"
56,"678580,El mesero"
57,"763873,Under Wraps"
58,"550205,Wish Dragon"
59,"834404,Teen Titans Go! See Space Jam"
60,"741074,Once Upon a Snowman"
61,"857702,LEGO Star Wars Terrifying Tales"
62,"768744,My Hero Academia: World Heroes' Mission"
63,"784500,Pretty Guardian Sailor Moon Eternal The Movie Part 2"
64,"293660,Deadpool"
65,"613583,Kids Are Back"
66,"43074,Ghostbusters"
67,"532067,KonoSuba: God's Blessing on this Wonderful World! Legend of Crimson"
68,"214756,Ted 2"
69,"410113,The Loud House Movie"
70,"572154,Rascal Does Not Dream of a Dreaming Girl"
71,"98566,Teenage Mutant Ninja Turtles"
72,"330457,Frozen II"
73,"883648,Little Big Mouth"
74,"800497,Werewolves Within"
75,"8871,How the Grinch Stole Christmas"
76,"335797,Sing"
77,"4564,Sex and the City"
78,"763532,Long Story Short"
79,"106646,The Wolf of Wall Street"
80,"811367,22 vs. Earth"
81,"585,Monsters, Inc."
82,"18785,The Hangover"
83,"808,Shrek"
84,"800823,The Kids Are Alright: Destination Asturias"
85,"774456,García y García"
86,"882812,No me echen ese muerto"
87,"454626,Sonic the Hedgehog"
88,"360920,The Grinch"
89,"384018,Fast & Furious Presents: Hobbs & Shaw"
90,"773660,Este amor es de otro planeta"
91,"257344,Pixels"
92,"383498,Deadpool 2"
93,"569094,Spider-Man: Across the Spider-Verse"
94,"347626,He's All That"
95,"786705,Confessions of an Invisible Girl"
96,"479455,Men in Black: International"
97,"607259,Fatherhood"
98,"57214,Project X"
99,"654028,The Christmas Chronicles: Part Two"
100,"653349,Vacation Friends"
101,"662237,Sweet & Sour"
102,"49519,The Croods"
103,"301528,Toy Story 4"
104,"593910,Cinderella"
105,"826914,Muppets Haunted Mansion"
106,"75624,Naruto Shippuden the Movie: Blood Prison"
107,"400155,Hotel Transylvania 3: Summer Vacation"
108,"72105,Ted"
109,"425,Ice Age"
110,"38365,Grown Ups"
111,"177572,Big Hero 6"
112,"776909,Sounds Like Love"
113,"438695,Sing 2"
114,"45682,Jackie Chan Kung Fu Master"
115,"112679,Italian Spiderman"
116,"18240,The Proposal"
117,"50546,Just Go with It"
118,"578908,Bad Trip"
119,"809,Shrek 2"
120,"26123,American Pie Presents: The Book of Love"
121,"727745,The Kissing Booth 3"
122,"677638,We Bare Bears: The Movie"
123,"446893,Trolls World Tour"
124,"10358,Zack and Miri Make a Porno"
125,"43347,Love & Other Drugs"
126,"35,The Simpsons Movie"
127,"615677,We Can Be Heroes"
128,"664236,Extinct"
129,"118,Charlie and the Chocolate Factory"
130,"512200,Jumanji: The Next Level"
131,"193893,Let's Be Cops"
132,"2062,Ratatouille"
133,"45243,The Hangover Part II"
134,"9637,Scooby-Doo"
135,"643586,Willy's Wonderland"
136,"893204,Single Mother by Choice"
137,"109418,Grown Ups 2"
138,"109439,The Hangover Part III"
139,"412117,The Secret Life of Pets 2"
140,"11249,Seed of Chucky"
141,"5255,The Polar Express"
142,"41154,Men in Black 3"
143,"87428,That's My Boy"
144,"662546,Godmothered"
145,"785516,Stuck Together"
146,"615678,Thunder Force"
147,"8355,Ice Age: Dawn of the Dinosaurs"
148,"76492,Hotel Transylvania"
149,"785539,Resort to Love"
150,"9023,Spirit: Stallion of the Cimarron"
151,"454699,Happy Family"
152,"82690,Wreck-It Ralph"
153,"607383,Aquaslash"
154,"14849,Dead Like Me: Life After Death"
155,"739542,America: The Motion Picture"
156,"530079,Ride Your Wave"
157,"4247,Scary Movie"
158,"260514,Cars 3"
159,"159824,Hotel Transylvania 2"
160,"225886,Sex Tape"
161,"287947,Shazam!"
162,"10201,Yes Man"
163,"675353,Sonic the Hedgehog 2"
164,"10193,Toy Story 3"
165,"291870,Dirty Grandpa"
166,"726739,Cats & Dogs 3: Paws Unite"
167,"788905,A un paso de mí"
168,"270946,Penguins of Madagascar"
169,"16996,17 Again"
170,"20222,Sex with Love"
171,"36728,Naruto Shippuden the Movie: The Will of Fire"
172,"232672,Blended"
173,"676842,Instructions for Su"
174,"41630,No Strings Attached"
175,"621870,Secret Society of Second Born Royals"
176,"223702,Sausage Party"
177,"496243,Parasite"
178,"577242,Kaamelott - The First Chapter"
179,"576393,Fall in Love at First Kiss"
180,"433422,Fairy Tail: Dragon Cry"
181,"14160,Up"
182,"8920,Garfield"
183,"272818,Monstruosamente Solo"
184,"802504,Just Say Yes"
185,"554596,No Manches Frida 2"
186,"49013,Cars 2"
187,"857910,Lokillo: Nothing's the Same"
188,"375794,No Manches Frida"
189,"481084,The Addams Family"
190,"20048,Confessions of a Shopaholic"
191,"734265,Love Hard"
192,"105965,Beverly Hills Chihuahua 3: Viva la Fiesta!"
193,"11688,The Emperor's New Groove"
194,"9948,The Fox and the Hound 2"
195,"953,Madagascar"
196,"351694,Monkey King: Hero Is Back"
197,"150540,Inside Out"
198,"269149,Zootopia"
199,"404368,Ralph Breaks the Internet"
200,"778814,Daisy Quokka: World's Scariest Animal"
201,"594328,Phineas and Ferb: The Movie: Candace Against the Universe"
202,"9502,Kung Fu Panda"
203,"39513,Paul"
204,"10192,Shrek Forever After"
205,"23988,Stan Helsing"
206,"22794,Cloudy with a Chance of Meatballs"
207,"93456,Despicable Me 2"
208,"37786,Sex and the City 2"
209,"4258,Scary Movie 5"
210,"542178,The French Dispatch"
211,"553835,Is It Wrong to Try to Pick Up Girls in a Dungeon?: Arrow of the Orion"
212,"351819,Fifty Shades of Black"
213,"19908,Zombieland"
214,"660982,American Pie Presents: Girls' Rules"
215,"134374,Pain & Gain"
216,"484718,Coming 2 America"
217,"453071,The Day Naruto Became Hokage"
218,"77338,The Intouchables"
219,"810,Shrek the Third"
220,"621876,Flora & Ulysses"
221,"57800,Ice Age: Continental Drift"
222,"34544,The A-Team"
223,"950,Ice Age: The Meltdown"
224,"19840,I Love You, Beth Cooper"
225,"721656,Happy Halloween, Scooby-Doo!"
226,"644092,Finding 'Ohana"
227,"682254,Scooby-Doo! The Sword and the Scoob"
228,"522931,Hitman's Wife's Bodyguard"
229,"228326,The Book of Life"
230,"570269,Trinity Seven 2: Heaven's Library & Crimson Lord"
231,"136799,Trolls"
232,"14405,Beverly Hills Chihuahua"
233,"11430,The Lion King 1½"
234,"124459,The Incredible Burt Wonderstone"
235,"374205,One Piece Film: GOLD"
236,"709629,War of Likes"
237,"278154,Ice Age: Collision Course"
238,"38055,Megamind"
239,"187017,22 Jump Street"
240,"12153,White Chicks"
241,"11836,The SpongeBob SquarePants Movie"
242,"364689,Ferdinand"
243,"13971,Wild Child"
244,"10202,Bedtime Stories"
245,"37834,Knight and Day"
246,"647302,Benny Loves You"
247,"62177,Brave"
248,"797394,Secret Magic Control Agency"
249,"44896,Rango"
250,"14248,Igor"
251,"353486,Jumanji: Welcome to the Jungle"
252,"648964,Ninja Escapades: Creation of Akatsuki, The Two Uchiha, The Far Reaches of Hope"
253,"390043,The Hitman's Bodyguard"
254,"46195,Rio"
255,"454640,The Angry Birds Movie 2"
256,"454983,The Kissing Booth"
257,"27581,The Other Guys"
258,"14306,Marley & Me"
259,"38322,Big Mommas: Like Father, Like Son"
260,"643882,The Princess Switch: Switched Again"
261,"10521,Bride Wars"
262,"768334,A Classic Horror Story"
263,"4248,Scary Movie 2"
264,"23631,Machete"
265,"624963,A Babysitter's Guide to Monster Hunting"
266,"82702,How to Train Your Dragon 2"
267,"76489,The Three Stooges"
268,"638134,Pets United"
269,"536728,The Space Between"
270,"19994,Jennifer's Body"
271,"20352,Despicable Me"
272,"646380,Don't Look Up"
273,"13688,CJ7"
274,"302699,Central Intelligence"
275,"71552,American Reunion"
276,"346910,The Predator"
277,"140300,Kung Fu Panda 3"
278,"20453,3 Idiots"
279,"766680,Sexo"
280,"509967,6 Underground"
281,"381289,A Dog's Purpose"
282,"16290,Jackass 3D"
283,"139038,A Haunted House"
284,"80321,Madagascar 3: Europe's Most Wanted"
285,"15373,Role Models"
286,"16985,Legally Blondes"
287,"338967,Zombieland: Double Tap"
288,"385103,Scoob!"
289,"825597,Maggie Simpson in The Force Awakens from Its Nap"
290,"664168,Fat Ass Zombies"
291,"13053,Bolt"
292,"256591,Focus"
293,"15165,Barbie as The Princess & the Pauper"
294,"17610,Year One"
295,"23023,Tooth Fairy"
296,"10527,Madagascar: Escape 2 Africa"
297,"583083,The Kissing Booth 2"
298,"508947,Turning Red"
299,"19913,(500) Days of Summer"
